query,dateTime,changeBool,headline,description,link
Flicker Filter Consciousness,2019-11-02 12:13:10,No,No New Headline,No New Description,No New Link
US Sanctions Turkey,2019-11-02 12:13:10,No,No New Headline,No New Description,No New Link
Erdogan,2019-11-02 12:13:11,No,No New Headline,No New Description,No New Link
European Union Tempest,2019-11-02 12:13:12,No,No New Headline,No New Description,No New Link
X-37B testing,2019-11-02 12:13:13,No,No New Headline,No New Description,No New Link
Artemis Project,2019-11-02 12:13:14,No,No New Headline,No New Description,No New Link
JEDI Contract,2019-11-02 12:13:15,No,No New Headline,No New Description,No New Link
