query,dateTime,changeBool,headline,description,link
healthcare hack,2019-07-24 08:18:34,No,No New Headline,No New Description,No New Link
regeneron security,2019-07-24 08:18:34,No,No New Headline,No New Description,No New Link
N974SZ,2019-07-24 08:18:35,No,No New Headline,No New Description,No New Link
pharmaceutical industry data breach,2019-07-24 08:18:36,No,No New Headline,No New Description,No New Link
N987DV regeneron,2019-07-24 08:18:36,No,No New Headline,No New Description,No New Link
N587DV,2019-07-24 08:18:36,No,No New Headline,No New Description,No New Link
pharmaceutical hack,2019-07-24 08:18:37,No,No New Headline,No New Description,No New Link
pharmaceutical CVE,2019-07-24 08:18:37,No,No New Headline,No New Description,No New Link
N974SZ regeneron,2019-07-24 08:18:38,No,No New Headline,No New Description,No New Link
