query,dateTime,changeBool,headline,description,link
regeneron security,2019-07-24 08:22:46,Yes,Regeneron Pharmaceuticals Inc. hiring Senior Security Engineer ...,Posted 1 month ago. SummaryThe Platform Engineering team is an integral part of enabling Regeneron Pharmaceuticals Inc.…See this and similar jobs on ...,https://www.linkedin.com/jobs/view/senior-security-engineer-cloud-platform-at-regeneron-pharmaceuticals-inc-1264921566
healthcare hack,2019-07-24 08:22:47,No,No New Headline,No New Description,No New Link
pharmaceutical hack,2019-07-24 08:22:48,No,No New Headline,No New Description,No New Link
N987DV regeneron,2019-07-24 08:22:48,No,No New Headline,No New Description,No New Link
N587DV,2019-07-24 08:22:48,No,No New Headline,No New Description,No New Link
N974SZ regeneron,2019-07-24 08:22:49,No,No New Headline,No New Description,No New Link
regeneron planes,2019-07-24 08:22:49,No,No New Headline,No New Description,No New Link
pharmaceutical CVE,2019-07-24 08:22:50,No,No New Headline,No New Description,No New Link
pharmaceutical industry data breach,2019-07-24 08:22:50,No,No New Headline,No New Description,No New Link
N974SZ,2019-07-24 08:22:51,No,No New Headline,No New Description,No New Link
